block,block_name,item,question,n_options,metric,n_synthetic,divergence,floor_95,ratio,within_floor,p_value,in_profile,ratio_ns_250,ratio_ns_500,ratio_ns_1000,ratio_ns_2000,ratio_ns_10000,ratio_ns_inf,floor_95_srs,ratio_srs,within_floor_srs,p_value_srs
B1,Situación económica,0,"En estos momentos, ¿cuáles crees que son los tres principales problemas de la Comunidad Autónoma del País Vasco (en adelante, el País Vasco)? Señala hasta un máximo de tres",24,DAM-multi,1000,4.670833333333334,2.620809773378017,1.7822099798235256,False,0.0,True,1.1691111503756189,1.4845154237757952,1.7822099798235256,2.0187837202643135,2.295381671678515,2.3843044155737276,2.461836281607159,1.8972964888973354,False,0.0
B1,Situación económica,1,¿Cómo calificarías la situación económica del País Vasco?,6,TV,1000,0.026000000000000002,0.05864512040557667,0.44334464351321573,True,0.6413679316034199,True,0.29165552971150077,0.373073390741364,0.44653847786408585,0.5109149097792114,0.5818251537983639,0.5970427263612387,0.05500000000000001,0.4727272727272727,True,0.5834208289585521
B1,Situación económica,2,"Y dentro de un año, ¿cómo crees que será la situación económica del País Vasco?",4,TV,1000,0.48904195804195816,0.048684664131812404,10.045092572024126,False,4.999750012499375e-05,False,6.534893689836009,8.331820476283232,9.895471107509175,11.314357657016158,12.885773182251361,13.450808253526057,0.04599999999999996,10.631346913955621,False,4.999750012499375e-05
B1,Situación económica,3,¿En cuál de las siguientes situaciones te encuentras actualmente?,12,TV,1000,0.20500000000000002,0.07408808618504438,2.766976589029261,False,4.999750012499375e-05,False,1.8327588434056032,2.3089902798140183,2.782755159009051,3.1686809064176833,3.571842236512732,3.7268948418641736,0.06900000000000003,2.971014492753622,False,4.999750012499375e-05
B1,Situación económica,4,¿Crees que es probable que en los próximos seis meses pierdas tu actual empleo?,5,TV,1000,0.27348151848151847,0.05835538656527249,4.686482852369079,False,4.999750012499375e-05,False,3.06216835612823,3.894826944723246,4.65755672459559,5.2929374918142775,6.05881520874523,6.285252291575728,0.055,4.9723912451185175,False,4.999750012499375e-05
B1,Situación económica,5,"Indica si en el último mes, y como consecuencia de tu situación económica, has hecho o has pensado hacer alguna de las siguientes acciones:: Reducir los gastos en alimentación",4,TV,1000,0.3754084084084084,0.05147275031685675,7.293342712356801,False,4.999750012499375e-05,False,4.75314901845809,6.0632540087906595,7.315643427819321,8.238840549944523,9.39625289144416,9.691822639284664,0.04800000000000003,7.821008508508504,False,4.999750012499375e-05
B1,Situación económica,6,"Indica si en el último mes, y como consecuencia de tu situación económica, has hecho o has pensado hacer alguna de las siguientes acciones:: Reducir los gastos en ocio",4,TV,1000,0.39099999999999996,0.05322560202788341,7.346088820097628,False,4.999750012499375e-05,False,4.737101529390086,6.064649173160546,7.247323649843904,8.210558253234664,9.365710156895132,9.719871451526513,0.05000000000000002,7.819999999999997,False,4.999750012499375e-05
B1,Situación económica,7,"Indica si en el último mes, y como consecuencia de tu situación económica, has hecho o has pensado hacer alguna de las siguientes acciones:: No comprar alguna medicina o dejar de seguir un tratamiento médico",4,TV,1000,0.121,0.03576609632446134,3.3830921580682833,False,4.999750012499375e-05,False,2.23790436005626,2.8230232420604384,3.4607646604630604,3.869559578141846,4.375015180045658,4.582365364308345,0.03400000000000001,3.5588235294117636,False,4.999750012499375e-05
B1,Situación económica,8,"Indica si en el último mes, y como consecuencia de tu situación económica, has hecho o has pensado hacer alguna de las siguientes acciones:: Pedir ayuda económica a amigos/as, vecinos/as o familiares",4,TV,1000,0.136,0.040978833967046865,3.318786476681216,False,4.999750012499375e-05,False,2.227888049165354,2.782758432896013,3.324472534622177,3.7714342953998483,4.292011496402219,4.460962833624345,0.03800000000000001,3.5789473684210518,False,4.999750012499375e-05
B1,Situación económica,9,"Indica si en el último mes, y como consecuencia de tu situación económica, has hecho o has pensado hacer alguna de las siguientes acciones:: Retrasar algún pago (como el alquiler, la hipoteca, los recibos de la luz, agua, electricidad, etc.)",4,TV,1000,0.11,0.03930057034220529,2.7989415685876153,False,4.999750012499375e-05,False,1.8112947658402212,2.3068826384421954,2.803072754255559,3.153465760243586,3.620158262524252,3.7247328440839422,0.036999999999999963,2.972972972972976,False,4.999750012499375e-05
B1,Situación económica,10,"Indica si en el último mes, y como consecuencia de tu situación económica, has hecho o has pensado hacer alguna de las siguientes acciones:: No comprar ropa o calzado que realmente necesito",4,TV,1000,0.3231318681318682,0.04863808618504438,6.643597507157413,False,4.999750012499375e-05,False,4.339149090408537,5.525908351056716,6.627760152650877,7.493788336428244,8.609261155052668,8.96466190108192,0.04600000000000003,7.024605828953653,False,4.999750012499375e-05
B1,Situación económica,11,"Indica si en el último mes, y como consecuencia de tu situación económica, has hecho o has pensado hacer alguna de las siguientes acciones:: Reducir el consumo de carne o pescado",4,TV,1000,0.14463336663336662,0.050020595690747814,2.891476293636365,False,4.999750012499375e-05,False,1.90751142132184,2.41441693357833,2.9064110839400583,3.262763553684184,3.683330378050191,3.8088802416773397,0.04700000000000002,3.0773056730503523,False,4.999750012499375e-05
B1,Situación económica,12,"Indica si en el último mes, y como consecuencia de tu situación económica, has hecho o has pensado hacer alguna de las siguientes acciones:: Pedir ropa",4,TV,1000,0.14600000000000002,0.03576850443599495,4.081803315574909,False,4.999750012499375e-05,False,2.635535828681249,3.4028713222261597,4.019049612727654,4.552258859979137,5.201200311727058,5.395503512880557,0.03400000000000001,4.2941176470588225,False,4.999750012499375e-05
B1,Situación económica,13,"Indica si en el último mes, y como consecuencia de tu situación económica, has hecho o has pensado hacer alguna de las siguientes acciones:: Pedir alimentos",4,TV,1000,0.121,0.03442839036755386,3.5145413046679437,False,4.999750012499375e-05,False,2.275411852190827,2.8979176784847023,3.4744553705954715,3.97497657957739,4.5201691044839,4.664533150925883,0.032000000000000015,3.7812499999999982,False,4.999750012499375e-05
B1,Situación económica,14,"Indica si en el último mes, y como consecuencia de tu situación económica, has hecho o has pensado hacer alguna de las siguientes acciones:: Dejar de ir al dentista",4,TV,1000,0.20171728271728273,0.04643371356147018,4.3441987996554285,False,4.999750012499375e-05,False,2.8882646643426275,3.6744201352425425,4.42063889830307,4.995744757657741,5.785875306491415,5.914047534639405,0.04300000000000002,4.691099598076341,False,4.999750012499375e-05
B1,Situación económica,15,"Indica si en el último mes, y como consecuencia de tu situación económica, has hecho o has pensado hacer alguna de las siguientes acciones:: Renunciar a independizarme, teniendo que permanecer en la casa de mis familiares",4,TV,1000,0.1852222222222222,0.042451204055766786,4.363179474930834,False,4.999750012499375e-05,False,2.8576521965845396,3.631158552443049,4.4195954913011,5.012431870519907,5.708208757058673,5.9506885546588375,0.040000000000000015,4.630555555555554,False,4.999750012499375e-05
B1,Situación económica,16,"Indica si en el último mes, y como consecuencia de tu situación económica, has hecho o has pensado hacer alguna de las siguientes acciones:: Volver a vivir en la casa de mis familiares",4,TV,1000,0.209,0.04142078580481623,5.0457758330528435,False,4.999750012499375e-05,False,3.2993397358943604,4.185092127303186,5.096308521044167,5.749590967374145,6.596236567849728,6.774618955671505,0.03900000000000001,5.358974358974358,False,4.999750012499375e-05
B1,Situación económica,17,"Indica si en el último mes, y como consecuencia de tu situación económica, has hecho o has pensado hacer alguna de las siguientes acciones:: Renunciar a irme de vacaciones este verano",4,TV,1000,0.391,0.05199290240811153,7.520257225320801,False,4.999750012499375e-05,False,4.962647311475094,6.299896464899153,7.576207438951174,8.625512447269923,9.674924615314655,10.07738542449285,0.048000000000000015,8.14583333333333,False,4.999750012499375e-05
B1,Situación económica,18,¿Con qué frecuencia has pasado por los siguientes estados de ánimo durante la última semana?: Rabia/ Enfado,5,TV,1000,0.29100000000000004,0.05887705956907478,4.942502260300513,False,4.999750012499375e-05,False,3.2368705979214023,4.154735623032101,4.971014916357332,5.655875663801564,6.407146343375987,6.697753792298722,0.05599999999999998,5.196428571428574,False,4.999750012499375e-05
B1,Situación económica,19,¿Con qué frecuencia has pasado por los siguientes estados de ánimo durante la última semana?: Tristeza,5,TV,1000,0.2754385614385615,0.05864264892268696,4.696898358082238,False,4.999750012499375e-05,False,3.1314268728389774,3.8811137696563973,4.756007899834223,5.342989571361223,6.084921521767101,6.316994685948254,0.055,5.0079738443374815,False,4.999750012499375e-05
B1,Situación económica,20,¿Con qué frecuencia has pasado por los siguientes estados de ánimo durante la última semana?: Miedo,5,TV,1000,0.46299999999999997,0.0569252217997465,8.133477312196643,False,4.999750012499375e-05,False,5.340011752770821,6.849292209618453,8.125092442563284,9.06704095727056,10.3325136023535,10.747800759069115,0.05300000000000003,8.735849056603767,False,4.999750012499375e-05
B1,Situación económica,21,¿Con qué frecuencia has pasado por los siguientes estados de ánimo durante la última semana?: Preocupación,5,TV,1000,0.244,0.05844493029150824,4.1748702373839945,False,4.999750012499375e-05,False,2.7492702543684775,3.450509467948776,4.161603802849327,4.6690919674039595,5.363023535587947,5.562117184791399,0.05500000000000001,4.436363636363636,False,4.999750012499375e-05
B1,Situación económica,22,¿Con qué frecuencia has pasado por los siguientes estados de ánimo durante la última semana?: Odio,5,TV,1000,0.39299999999999996,0.054631939163498074,7.193594187163321,False,4.999750012499375e-05,False,4.692448547215496,5.987892012976983,7.167744836171021,8.12764041763077,9.304162924046322,9.588952558841434,0.05099999999999996,7.705882352941181,False,4.999750012499375e-05
B1,Situación económica,23,¿Con qué frecuencia has pasado por los siguientes estados de ánimo durante la última semana?: Ansiedad,5,TV,1000,0.49032467532467533,0.05931692015209125,8.266185669577261,False,4.999750012499375e-05,False,5.430096916984382,6.937063707344155,8.336016049282875,9.432763587449813,10.632283712252127,11.079884266544589,0.05599999999999999,8.755797773654919,False,4.999750012499375e-05
B1,Situación económica,24,¿Con qué frecuencia has pasado por los siguientes estados de ánimo durante la última semana?: Soledad,5,TV,1000,0.1341571571571572,0.057415019011406825,2.3366213138500185,False,4.999750012499375e-05,False,1.5200034032711607,1.947694636010125,2.33290826715706,2.631886404870346,3.009666388977343,3.1129602578821896,0.054,2.4843917992066147,False,4.999750012499375e-05
B1,Situación económica,25,¿Con qué frecuencia has pasado por los siguientes estados de ánimo durante la última semana?: Insomnio o mal sueño,5,TV,1000,0.44199999999999995,0.0594491761723701,7.434922205119238,False,4.999750012499375e-05,False,4.89108116598972,6.226919430264139,7.450982067886926,8.438420999143425,9.636943468089843,9.96182241208657,0.055999999999999994,7.892857142857142,False,4.999750012499375e-05
B2,Estado de bienestar y políticas públicas,0,"¿Qué valoración le das a cada uno de los siguientes servicios o políticas? Utiliza una escala de 0 a 10, en la que 0 representa “Muy mala valoración” y 10 “Muy buena valoración”: La atención sanitaria (Osakidetza)",12,TV,1000,0.5086886886886887,0.08340050697084915,6.099347679822736,False,4.999750012499375e-05,False,3.98482317863579,5.0965826670938705,6.1404955226369955,6.9347971985656365,7.841207378849017,8.116757459264797,0.07899999999999999,6.439097325173275,False,4.999750012499375e-05
B2,Estado de bienestar y políticas públicas,1,"¿Qué valoración le das a cada uno de los siguientes servicios o políticas? Utiliza una escala de 0 a 10, en la que 0 representa “Muy mala valoración” y 10 “Muy buena valoración”: La educación en escuelas, colegios e institutos públicos",12,TV,1000,0.562,0.08240063371356146,6.820335896367097,False,4.999750012499375e-05,False,4.4527032455012865,5.69181497859559,6.843504028150757,7.72270114629736,8.765892848723425,9.113045265375332,0.07700000000000001,7.298701298701298,False,4.999750012499375e-05
B2,Estado de bienestar y políticas públicas,2,"¿Qué valoración le das a cada uno de los siguientes servicios o políticas? Utiliza una escala de 0 a 10, en la que 0 representa “Muy mala valoración” y 10 “Muy buena valoración”: La educación en las universidades públicas",12,TV,1000,0.507,0.08186749049429654,6.192934422917498,False,4.999750012499375e-05,False,4.053575047626769,5.144375013663962,6.124875978392684,7.013840580186606,7.9776359834513455,8.280849566315442,0.07700000000000001,6.584415584415583,False,4.999750012499375e-05
B2,Estado de bienestar y políticas públicas,3,"¿Qué valoración le das a cada uno de los siguientes servicios o políticas? Utiliza una escala de 0 a 10, en la que 0 representa “Muy mala valoración” y 10 “Muy buena valoración”: Las pensiones",12,TV,1000,0.41100000000000003,0.08280614702154628,4.96339963617746,False,4.999750012499375e-05,False,3.2813723764017335,4.168362356080639,4.914963950049942,5.600286681403703,6.417631402239373,6.6271356167743,0.078,5.26923076923077,False,4.999750012499375e-05
B2,Estado de bienestar y políticas públicas,4,"¿Qué valoración le das a cada uno de los siguientes servicios o políticas? Utiliza una escala de 0 a 10, en la que 0 representa “Muy mala valoración” y 10 “Muy buena valoración”: La Administración de Justicia",12,TV,1000,0.49761477045908187,0.0834593155893536,5.96236342156824,False,4.999750012499375e-05,False,3.9016392281769243,4.975832379344981,5.966649299828055,6.780555309753866,7.664390371114654,7.954242058461375,0.07800000000000003,6.379676544347201,False,4.999750012499375e-05
B2,Estado de bienestar y políticas públicas,5,"¿Qué valoración le das a cada uno de los siguientes servicios o políticas? Utiliza una escala de 0 a 10, en la que 0 representa “Muy mala valoración” y 10 “Muy buena valoración”: La seguridad ciudadana",12,TV,1000,0.4735965965965966,0.0836552598225602,5.661288932711877,False,4.999750012499375e-05,False,3.7032002171838054,4.6978709364961295,5.71340763364237,6.43579199787662,7.3209970252027965,7.639285071845836,0.07800000000000001,6.071751238417904,False,4.999750012499375e-05
B2,Estado de bienestar y políticas públicas,6,"¿Qué valoración le das a cada uno de los siguientes servicios o políticas? Utiliza una escala de 0 a 10, en la que 0 representa “Muy mala valoración” y 10 “Muy buena: Los servicios sociales (ayuda a personas dependientes, a personas mayores…)",12,TV,1000,0.4564674674674674,0.08338789607097594,5.474025475818976,False,4.999750012499375e-05,False,3.6005849650574735,4.556451117777698,5.489180719079792,6.173022942019751,7.052767106533384,7.310630478512651,0.078,5.852147018813684,False,4.999750012499375e-05
B2,Estado de bienestar y políticas públicas,7,"¿Qué valoración le das a cada uno de los siguientes servicios o políticas? Utiliza una escala de 0 a 10, en la que 0 representa “Muy mala valoración” y 10 “Muy buena valoración”: El transporte público",12,TV,1000,0.538,0.07942636248415715,6.773569670993213,False,4.999750012499375e-05,False,4.428126734292785,5.614663026570586,6.75302526883987,7.596792746858138,8.654279003767677,8.965549287266693,0.07500000000000001,7.173333333333333,False,4.999750012499375e-05
B2,Estado de bienestar y políticas públicas,8,"¿Qué valoración le das a cada uno de los siguientes servicios o políticas? Utiliza una escala de 0 a 10, en la que 0 representa “Muy mala valoración” y 10 “Muy buena valoración”: Las carreteras",12,TV,1000,0.595,0.08244790874524713,7.21667788856197,False,4.999750012499375e-05,False,4.7425445508546495,6.015383945137516,7.2236181871057985,8.161475360673569,9.283796679404519,9.570674843123747,0.07700000000000001,7.727272727272726,False,4.999750012499375e-05
B2,Estado de bienestar y políticas públicas,9,"¿Qué valoración le das a cada uno de los siguientes servicios o políticas? Utiliza una escala de 0 a 10, en la que 0 representa “Muy mala valoración” y 10 “Muy buena valoración”: Las políticas de vivienda",12,TV,1000,0.5455805805805806,0.08319011406844107,6.558238159545349,False,4.999750012499375e-05,False,4.3142775052825915,5.482153494081545,6.570004450252225,7.485019167606271,8.482872696396145,8.810879894277466,0.07700000000000003,7.0854620854620824,False,4.999750012499375e-05
B2,Estado de bienestar y políticas públicas,10,"¿Qué valoración le das a cada uno de los siguientes servicios o políticas? Utiliza una escala de 0 a 10, en la que 0 representa “Muy mala valoración” y 10 “Muy buena valoración”: La política lingüística",12,TV,1000,0.2794885114885115,0.08351711026615966,3.3464820633498094,False,4.999750012499375e-05,False,2.2113339774414174,2.804179067052851,3.3817675060815233,3.7999142810888764,4.346224507537244,4.521509976587131,0.078,3.5831860447245063,False,4.999750012499375e-05
B2,Estado de bienestar y políticas públicas,11,"¿Qué valoración le das a cada uno de los siguientes servicios o políticas? Utiliza una escala de 0 a 10, en la que 0 representa “Muy mala valoración” y 10 “Muy buena valoración”: La política turística",12,TV,1000,0.5583796203796204,0.08254055766793408,6.764912137206744,False,4.999750012499375e-05,False,4.418340024064511,5.597836912604879,6.739810355209863,7.608300964798532,8.669544904175952,9.007616240594132,0.07800000000000001,7.158713081790004,False,4.999750012499375e-05
B2,Estado de bienestar y políticas públicas,12,"¿Qué valoración le das a cada uno de los siguientes servicios o políticas? Utiliza una escala de 0 a 10, en la que 0 representa “Muy mala valoración” y 10 “Muy buena valoraci: Las políticas para reducir la desigualdad entre mujeres y hombres",12,TV,1000,0.5896866866866866,0.08235418250950567,7.1603732648141145,False,4.999750012499375e-05,False,4.726551219023485,5.950717465988749,7.170525838933007,8.087462054650718,9.238701236081305,9.60750275948456,0.07700000000000001,7.658268658268655,False,4.999750012499375e-05
B2,Estado de bienestar y políticas públicas,13,"¿Qué valoración le das a cada uno de los siguientes servicios o políticas? Utiliza una escala de 0 a 10, en la que 0 representa “Muy mala valoración” y 10 “Muy buena valoración”: Los programas de Investigación y Desarrollo (I+D)",12,TV,1000,0.43962462462462465,0.08227179974651458,5.343563966986746,False,4.999750012499375e-05,False,3.511620523495879,4.474980955529725,5.392280397177327,6.109497681025581,6.969256403435022,7.21905831838551,0.07700000000000001,5.709410709410709,False,4.999750012499375e-05
B2,Estado de bienestar y políticas públicas,14,"¿Qué valoración le das a cada uno de los siguientes servicios o políticas? Utiliza una escala de 0 a 10, en la que 0 representa “Muy mala valoración” y 10 “Muy buena valoración”: La protección del medio ambiente",12,TV,1000,0.5314135864135865,0.0813432826362484,6.5329744410483945,False,4.999750012499375e-05,False,4.323384831640075,5.429996434444967,6.534751188863256,7.418494242067057,8.473818000558,8.757127580997848,0.07600000000000001,6.992284031757716,False,4.999750012499375e-05
B2,Estado de bienestar y políticas públicas,15,"¿Qué valoración le das a cada uno de los siguientes servicios o políticas? Utiliza una escala de 0 a 10, en la que 0 representa “Muy mala valoración” y 10 “Muy buena valoración”: El servicio de empleo (Lanbide)",12,TV,1000,0.5226266266266265,0.08349429657794676,6.2594290633818845,False,4.999750012499375e-05,False,4.108241425979441,5.219227915819585,6.260464919107223,7.109021748607568,8.103325958306453,8.379816675007017,0.07800000000000001,6.700341367008031,False,4.999750012499375e-05
B2,Estado de bienestar y políticas públicas,16,¿Crees que los inmigrantes que viven en el País Vasco deberían tener los mismos derechos y las mismas posibilidades que el resto de las personas?: Asistencia sanitaria,3,TV,1000,0.13140640640640644,0.04899657794676803,2.6819506976420264,False,4.999750012499375e-05,False,1.7684323984214834,2.238479492511491,2.6838598904152846,3.05546760936137,3.4723211296419496,3.5807223605061127,0.04600000000000001,2.8566610088349216,False,4.999750012499375e-05
B2,Estado de bienestar y políticas públicas,17,¿Crees que los inmigrantes que viven en el País Vasco deberían tener los mismos derechos y las mismas posibilidades que el resto de las personas?: Ayudas sociales,3,TV,1000,0.274,0.050146324461343456,5.464009634668634,False,4.999750012499375e-05,False,3.5644142242857533,4.555475247754251,5.485506363802446,6.225537732527887,6.994925276935441,7.374083296380947,0.04699999999999997,5.829787234042557,False,4.999750012499375e-05
B2,Estado de bienestar y políticas públicas,18,¿Crees que los inmigrantes que viven en el País Vasco deberían tener los mismos derechos y las mismas posibilidades que el resto de las personas?: Vivienda de protección oficial,3,TV,1000,0.206,0.04768846641318123,4.319702760310635,False,4.999750012499375e-05,False,2.807344203399198,3.616769398517991,4.342577749278612,4.874522303022399,5.55590118375761,5.762064124562194,0.04500000000000001,4.577777777777777,False,4.999750012499375e-05
B2,Estado de bienestar y políticas públicas,19,¿Crees que los inmigrantes que viven en el País Vasco deberían tener los mismos derechos y las mismas posibilidades que el resto de las personas?: Derecho al voto,3,TV,1000,0.23199999999999998,0.04566121673003803,5.080898333735812,False,4.999750012499375e-05,False,3.363653403014368,4.213889758559089,5.149174379026136,5.798759770961543,6.58503839905373,6.774537379718737,0.04299999999999997,5.395348837209306,False,4.999750012499375e-05
B2,Estado de bienestar y políticas públicas,20,¿Crees que los inmigrantes que viven en el País Vasco deberían tener los mismos derechos y las mismas posibilidades que el resto de las personas?: Traer a la familia más cercana,3,TV,1000,0.48923576423576426,0.04871609632446135,10.04258963972261,False,4.999750012499375e-05,False,6.5712046532478885,8.286951251328743,10.07329146596394,11.526055368312536,13.09735511126079,13.672305473974735,0.04600000000000001,10.635560092081828,False,4.999750012499375e-05
B2,Estado de bienestar y políticas públicas,21,¿Crees que los inmigrantes que viven en el País Vasco deberían tener los mismos derechos y las mismas posibilidades que el resto de las personas?: Acceso a la educación,3,TV,1000,0.46900000000000003,0.05036628643852979,9.311784393165404,False,4.999750012499375e-05,False,6.155121824641718,7.759673878169849,9.39826049853518,10.723184143037226,12.14766842312338,12.662229674240347,0.04699999999999996,9.978723404255328,False,4.999750012499375e-05
B2,Estado de bienestar y políticas públicas,22,¿Crees que los inmigrantes que viven en el País Vasco deberían tener los mismos derechos y las mismas posibilidades que el resto de las personas?: Abrir centros de culto (religiosos),3,TV,999,0.659948948948949,0.05263476404160813,12.538271254094632,False,4.999750012499375e-05,False,8.243719772283876,10.52854498383858,12.487911894358033,14.232863958012642,16.059930397289058,16.740603161031398,0.049398448448448457,13.359710065340668,False,4.999750012499375e-05
B2,Estado de bienestar y políticas públicas,23,¿Crees que dentro de 10 años será más fácil acceder a una vivienda?,5,TV,1000,0.328,0.05984461343472748,5.480860869086398,False,4.999750012499375e-05,False,3.663294859055048,4.632693722577565,5.524974167598911,6.278939850239744,7.109589272539885,7.389623368835842,0.055999999999999994,5.857142857142858,False,4.999750012499375e-05
B3,Los miedos de la era de la inseguridad,0,"Pensando en los problemas globales actuales, indica los 3 que más miedo te dan",15,DAM-multi,1000,16.800000000000004,3.381935105595256,4.967570185544122,False,0.0,False,3.2586742078327866,4.137803425306402,4.967570185544122,5.6269743371316245,6.397938338221904,6.645793516002004,3.1767931536152947,5.288351865427893,False,0.0
B3,Los miedos de la era de la inseguridad,1,En qué medida estás de acuerdo con cada una de las siguientes frases: El miedo a la delincuencia justifica un mayor control estatal sobre la población,5,TV,1000,0.44400000000000006,0.06050576679340937,7.338143511443988,False,4.999750012499375e-05,False,4.764881583886922,6.07867736242914,7.263860162045315,8.219357427174728,9.37965631274518,9.6556324246851,0.05700000000000002,7.789473684210524,False,4.999750012499375e-05
B3,Los miedos de la era de la inseguridad,2,En qué medida estás de acuerdo con cada una de las siguientes frases: Cedería parte de mis libertades a cambio de mayor garantía de mi seguridad,5,TV,1000,0.5912937062937063,0.06036812420785803,9.794800054707322,False,4.999750012499375e-05,False,6.4723301387572585,8.227707015324475,9.701604023160336,11.12076279511396,12.553976099389038,13.055556751467702,0.056999999999999995,10.373573794626427,False,4.999750012499375e-05
B3,Los miedos de la era de la inseguridad,3,"En qué medida estás de acuerdo con cada una de las siguientes fras: Es necesario priorizar a las personas autóctonas en la redistribución de recursos públicos (ayudas, vivienda, asistencia sanitaria, etc.) para que no colapsen los servicios públicos",5,TV,1000,0.488,0.06158624841571607,7.923846841683383,False,4.999750012499375e-05,False,5.227407258568163,6.521279622779561,7.880432057389341,8.985782056884611,10.129186376929377,10.556920377275722,0.057999999999999996,8.413793103448276,False,4.999750012499375e-05
B3,Los miedos de la era de la inseguridad,4,¿En qué medida ha aumentado en los últimos años tu miedo a viajar?,5,TV,1000,0.21899999999999997,0.05969372623574148,3.668727248406789,False,4.999750012499375e-05,False,2.404269470309622,3.0200719401826817,3.6546744938868794,4.161409943710869,4.708022678701995,4.901316162704939,0.05600000000000002,3.910714285714284,False,4.999750012499375e-05
B3,Los miedos de la era de la inseguridad,5,¿Has descartado o modificado un viaje en los últimos dos años?,2,TV,1000,0.04100000000000002,0.041528010139416996,0.987285445711356,True,0.05249737513124344,False,0.6578155375342658,0.8138113207547172,1.005345433073313,1.1219630625162578,1.283042081709899,1.3461922596754066,0.03900000000000001,1.0512820512820518,False,0.03689815509224539
B3,Los miedos de la era de la inseguridad,6,¿Cuál fue la principal razón?,7,TV,985,0.6723966388941007,0.06714288471560093,10.014413913584303,False,4.999750012499375e-05,False,6.575260497536642,8.472325862449441,10.071435993140032,11.368486708180445,12.917429187037486,13.442979673844004,0.06338629441624365,10.607918400760614,False,4.999750012499375e-05
B4,El impacto social del turismo,0,¿En qué medida crees que el aumento de turistas afecta a la pérdida de la tradición e identidad de Euskadi?,5,TV,1000,0.7037437437437437,0.06036755386565271,11.657648830858996,False,4.999750012499375e-05,False,7.6189705755911135,9.82225100590152,11.707435542366582,13.21876310636571,15.066987292499675,15.662814061838194,0.056,12.566852566852566,False,4.999750012499375e-05
B4,El impacto social del turismo,1,¿Crees que el turismo tiene alguno de los siguientes efectos en el acceso a la vivienda de la población local en tu municipio? Indica todas las opciones que consideres,6,DAM-multi,1000,32.56666666666666,3.7194901939254987,8.755680205812359,False,0.0,False,5.743634854267804,7.293159873599146,8.755680205812359,9.91792485702765,11.276801328140992,11.713662931085738,3.4938727722636185,9.321079727115334,False,0.0
B5,Situación política y calidad de la democracia,0,¿Cómo calificarías la situación política general del País Vasco?,6,TV,1000,0.013209790209790217,0.05984290240811153,0.22074113517595145,True,0.9743012849357532,True,0.1438680996000342,0.18390018289444696,0.2203188453929631,0.2509182835405932,0.2850675545069761,0.29434185357596293,0.05700000000000001,0.23175070543491605,True,0.9650517474126293
B5,Situación política y calidad de la democracia,1,¿Y cómo crees que será la situación política del País Vasco dentro de un año?,4,TV,1000,0.37600000000000006,0.047933079847908726,7.844269577357537,False,4.999750012499375e-05,False,5.141472646541955,6.546619707120736,7.8989914051100785,8.805078300357286,9.998923140002432,10.375043715464777,0.04499999999999997,8.355555555555561,False,4.999750012499375e-05
B5,Situación política y calidad de la democracia,2,"Si tuvieras que valorar con una nota de 0 a 10 la calidad de la democracia en España, ¿qué nota le pondrías? ¿Y en el País Vasco? Utiliza una escala de 0 a 10, en la que 0 representa la peor valoración posible y 10 la mejor valoración pos: España",12,TV,1000,0.4931482965931863,0.08391318124207855,5.876887150428941,False,4.999750012499375e-05,False,3.858222334721799,4.877936943288239,5.865547195875872,6.627123697348583,7.571226638597447,7.837164325502545,0.07900000000000001,6.242383501179573,False,4.999750012499375e-05
B5,Situación política y calidad de la democracia,3,"Si tuvieras que valorar con una nota de 0 a 10 la calidad de la democracia en España, ¿qué nota le pondrías? ¿Y en el País Vasco? Utiliza una escala de 0 a 10, en la que 0 representa la peor valoración posible y 10 la mejor valoración pos: Euskadi",12,TV,1000,0.33899999999999997,0.08306089987325728,4.081342731866383,False,4.999750012499375e-05,False,2.6839427631050814,3.4188369581194995,4.092649264008324,4.641295261331085,5.275892003503968,5.468256142488561,0.078,4.346153846153846,False,4.999750012499375e-05
B5,Situación política y calidad de la democracia,4,"¿En qué medida confías en cada una de las siguientes organizaciones o instituciones? Utiliza una escala de 0 a 10, en la que 0 representa “No confío nada” y 10 “Confío plenamente”: El Gobierno Central",12,TV,1000,0.6542187812187812,0.08337769328263624,7.846448557902537,False,4.999750012499375e-05,False,5.160527015224469,6.5906529176736734,7.826657352451749,8.826278132154597,10.044408132408346,10.493683254922708,0.07800000000000001,8.387420272035655,False,4.999750012499375e-05
B5,Situación política y calidad de la democracia,5,"¿En qué medida confías en cada una de las siguientes organizaciones o instituciones? Utiliza una escala de 0 a 10, en la que 0 representa “No confío nada” y 10 “Confío plenamente”: La Monarquía",12,TV,1000,0.5192377622377622,0.08041077313054498,6.457315879736562,False,4.999750012499375e-05,False,4.236400767758182,5.3945324262389756,6.462877833167869,7.365799641500269,8.352865203984475,8.692528218139731,0.07500000000000001,6.923170163170162,False,4.999750012499375e-05
B5,Situación política y calidad de la democracia,6,"¿En qué medida confías en cada una de las siguientes organizaciones o instituciones? Utiliza una escala de 0 a 10, en la que 0 representa “No confío nada” y 10 “Confío plenamente”: La Ertzaintza",12,TV,1000,0.5616956956956958,0.0843181875792142,6.661619655522137,False,4.999750012499375e-05,False,4.380076614679364,5.505124093868838,6.689270806018892,7.576674985193017,8.600816049005052,8.944108775427956,0.07900000000000001,7.11007209741387,False,4.999750012499375e-05
B5,Situación política y calidad de la democracia,7,"¿En qué medida confías en cada una de las siguientes organizaciones o instituciones? Utiliza una escala de 0 a 10, en la que 0 representa “No confío nada” y 10 “Confío plenamente”: EITB",12,TV,1000,0.2420499001996008,0.08391368821292776,2.8845103266752914,False,4.999750012499375e-05,False,1.8924427221256246,2.4271405691554593,2.891007768157378,3.2759087329605334,3.7410453299461124,3.874686299343655,0.07800000000000001,3.10320384871283,False,4.999750012499375e-05
B5,Situación política y calidad de la democracia,8,"¿En qué medida confías en cada una de las siguientes organizaciones o instituciones? Utiliza una escala de 0 a 10, en la que 0 representa “No confío nada” y 10 “Confío plenamente”: ONG´S",12,TV,1000,0.475,0.08430671736375156,5.634189242009683,False,4.999750012499375e-05,False,3.707361998389545,4.737145464588486,5.641224022560379,6.393350335639167,7.293309051818248,7.560055312311832,0.07900000000000001,6.0126582278481,False,4.999750012499375e-05
B5,Situación política y calidad de la democracia,9,"¿En qué medida confías en cada una de las siguientes organizaciones o instituciones? Utiliza una escala de 0 a 10, en la que 0 representa “No confío nada” y 10 “Confío plenamente”: El Gobierno Vasco",12,TV,1000,0.3175204795204795,0.08249429657794674,3.848999175603159,False,4.999750012499375e-05,False,2.526627007663463,3.177601084996395,3.8582226799203236,4.358367659993456,4.917868232651863,5.133660504820978,0.07700000000000003,4.123642591175058,False,4.999750012499375e-05
B5,Situación política y calidad de la democracia,10,"¿En qué medida confías en cada una de las siguientes organizaciones o instituciones? Utiliza una escala de 0 a 10, en la que 0 representa “No confío nada” y 10 “Confío plenamente”: Las Diputaciones",12,TV,1000,0.40244644644644645,0.08323751584283903,4.834916592252784,False,4.999750012499375e-05,False,3.1733984234084174,4.034543152110611,4.843656272680969,5.470620119648661,6.245778280575066,6.48694770874936,0.07800000000000001,5.159569826236492,False,4.999750012499375e-05
B5,Situación política y calidad de la democracia,11,"¿En qué medida confías en cada una de las siguientes organizaciones o instituciones? Utiliza una escala de 0 a 10, en la que 0 representa “No confío nada” y 10 “Confío plenamente”: Los Ayuntamientos",12,TV,1000,0.4753356643356643,0.08256286438529788,5.757257428925979,False,4.999750012499375e-05,False,3.783145297301837,4.793178295737581,5.774196535247174,6.505960590398124,7.447364179438566,7.750420723398984,0.07700000000000001,6.173190445917718,False,4.999750012499375e-05
B5,Situación política y calidad de la democracia,12,"¿En qué medida confías en cada una de las siguientes organizaciones o instituciones? Utiliza una escala de 0 a 10, en la que 0 representa “No confío nada” y 10 “Confío plenamente”: La Iglesia Católica",12,TV,1000,0.24131337325349297,0.08204226869455006,2.941329842448921,False,4.999750012499375e-05,False,1.9405140373781142,2.457042863556665,2.9652672452530813,3.3250017725019387,3.8068473114662438,3.9517497918246107,0.077,3.133939912383026,False,4.999750012499375e-05
B5,Situación política y calidad de la democracia,13,"¿En qué medida confías en cada una de las siguientes organizaciones o instituciones? Utiliza una escala de 0 a 10, en la que 0 representa “No confío nada” y 10 “Confío plenamente”: La Universidad",12,TV,1000,0.3911898101898102,0.08107655259822558,4.824943805003023,False,4.999750012499375e-05,False,3.1778246381472313,3.9882047416702884,4.83383021684213,5.467948819860086,6.225246106250956,6.448125277839807,0.07600000000000001,5.147234344602765,False,4.999750012499375e-05
B5,Situación política y calidad de la democracia,14,"¿En qué medida confías en cada una de las siguientes organizaciones o instituciones? Utiliza una escala de 0 a 10, en la que 0 representa “No confío nada” y 10 “Confío plenamente”: Osakidetza",12,TV,1000,0.48100000000000004,0.08297021546261088,5.797261069145404,False,4.999750012499375e-05,False,3.7847953566299664,4.869245573518091,5.838914403083245,6.525100840076066,7.499395320014038,7.75435520847381,0.07704999999999931,6.242699545749569,False,4.999750012499375e-05
B5,Situación política y calidad de la democracia,15,"¿En qué medida confías en cada una de las siguientes organizaciones o instituciones? Utiliza una escala de 0 a 10, en la que 0 representa “No confío nada” y 10 “Confío plenamente”: El Tribunal Constitucional",12,TV,1000,0.43400000000000005,0.08370101394169832,5.1851223726190625,False,4.999750012499375e-05,False,3.4021663318410256,4.307657084199246,5.164216087332572,5.86889567218948,6.668979728444731,6.926582585741309,0.07900000000000001,5.493670886075949,False,4.999750012499375e-05
B5,Situación política y calidad de la democracia,16,"¿En qué medida confías en cada una de las siguientes organizaciones o instituciones? Utiliza una escala de 0 a 10, en la que 0 representa “No confío nada” y 10 “Confío plenamente”: Los partidos políticos",12,TV,1000,0.665,0.08207484157160966,8.10236105566884,False,4.999750012499375e-05,False,5.335168377318125,6.818952733832309,8.102361055668842,9.1979280842405,10.456580185997725,10.873534300173665,0.077,8.636363636363637,False,4.999750012499375e-05
B5,Situación política y calidad de la democracia,17,"¿En qué medida confías en cada una de las siguientes organizaciones o instituciones? Utiliza una escala de 0 a 10, en la que 0 representa “No confío nada” y 10 “Confío plenamente”: El Parlamento Europeo",12,TV,1000,0.6069999999999999,0.08314448669201521,7.300544199021354,False,4.999750012499375e-05,False,4.774419749935699,6.040143776012106,7.275982586488345,8.180355450034588,9.321478036312511,9.663840026635327,0.07899999999999999,7.6835443037974684,False,4.999750012499375e-05
B5,Situación política y calidad de la democracia,18,"¿En qué medida confías en cada una de las siguientes organizaciones o instituciones? Utiliza una escala de 0 a 10, en la que 0 representa “No confío nada” y 10 “Confío plenamente”: Las organizaciones empresariales (la patronal)",12,TV,1000,0.5419999999999999,0.08271482889733839,6.552633998345132,False,4.999750012499375e-05,False,4.287510376938533,5.387219214891389,6.540517474752575,7.418217773691607,8.366168507167787,8.722962443191552,0.07799999999999999,6.948717948717949,False,4.999750012499375e-05
B5,Situación política y calidad de la democracia,19,"¿En qué medida confías en cada una de las siguientes organizaciones o instituciones? Utiliza una escala de 0 a 10, en la que 0 representa “No confío nada” y 10 “Confío plenamente”: Las grandes empresas (IBEX 35)",12,TV,1000,0.565,0.0833920785804816,6.775223853602823,False,4.999750012499375e-05,False,4.440089641434263,5.645678086737149,6.802730950415306,7.652688766880837,8.67298141141277,9.05067268170223,0.07899999999999999,7.151898734177216,False,4.999750012499375e-05
B5,Situación política y calidad de la democracia,20,"¿En qué medida confías en cada una de las siguientes organizaciones o instituciones? Utiliza una escala de 0 a 10, en la que 0 representa “No confío nada” y 10 “Confío plenamente”: Las pequeñas empresas",12,TV,1000,0.37100000000000005,0.0815531051964512,4.549183002980789,False,4.999750012499375e-05,False,3.010094009201427,3.8313102570881856,4.568092067532213,5.179260769115421,5.898342707536353,6.092797249156753,0.07600000000000001,4.881578947368421,False,4.999750012499375e-05
B5,Situación política y calidad de la democracia,21,"¿En qué medida confías en cada una de las siguientes organizaciones o instituciones? Utiliza una escala de 0 a 10, en la que 0 representa “No confío nada” y 10 “Confío plenamente”: Los sindicatos",12,TV,1000,0.4555988023952095,0.08370392902408111,5.442979890037617,False,4.999750012499375e-05,False,3.5833297289762647,4.557778786212839,5.446765435891606,6.23346311653375,7.003929181815771,7.294086949125767,0.07800000000000001,5.84101028711807,False,4.999750012499375e-05
B5,Situación política y calidad de la democracia,22,"¿En qué medida confías en cada una de las siguientes organizaciones o instituciones? Utiliza una escala de 0 a 10, en la que 0 representa “No confío nada” y 10 “Confío plenamente”: Los medios de comunicación",12,TV,1000,0.36800000000000005,0.08249429657794674,4.4609144542772885,False,4.999750012499375e-05,False,2.914595462758483,3.725690470202381,4.4697732415831535,5.04794295785514,5.765112069452494,5.970709077224891,0.07700000000000001,4.779220779220779,False,4.999750012499375e-05
B5,Situación política y calidad de la democracia,23,"¿En qué medida confías en cada una de las siguientes organizaciones o instituciones? Utiliza una escala de 0 a 10, en la que 0 representa “No confío nada” y 10 “Confío plenamente”: Los tribunales de justicia",12,TV,1000,0.6359999999999999,0.08369378960709759,7.5991301503458795,False,4.999750012499375e-05,False,4.980734300092307,6.359024788340445,7.598157862660376,8.6441958985185,9.782361731425238,10.124160193685059,0.07800000000000001,8.153846153846152,False,4.999750012499375e-05
B5,Situación política y calidad de la democracia,24,"Hay distintas formas de organización territorial. En estos momentos, ¿cuál de las siguientes alternativas prefieres para el País Vasco con respecto al Estado español?",6,TV,1000,0.040401598401598425,0.06315709759188846,0.6397000486416807,True,0.383980800959952,True,0.42189715097227415,0.542012873883921,0.6428879794300193,0.7328873302125347,0.8525542072828395,0.8745714129094154,0.05899999999999999,0.6847728542643802,True,0.3168341582920854
B5,Situación política y calidad de la democracia,25,¿En qué medida consideras necesario un nuevo estatuto para el País Vasco?,5,TV,1000,0.3647617617617618,0.062217300380228144,5.862706345865151,False,4.999750012499375e-05,False,3.891231389095111,4.928664298155244,5.892885363564475,6.630057300136556,7.661625019484506,7.901459813091824,0.05800000000000001,6.288995892444167,False,4.999750012499375e-05
B5,Situación política y calidad de la democracia,26,Cuál de las siguientes medidas te gustaría que fueran incluidas en el nuevo estatuto. Indica todas las opciones que consideres,8,DAM-multi,1000,30.7,4.2220325886713,7.271379212556359,False,0.0,False,4.769948890562771,6.056791688615435,7.271379212556359,8.236595095057579,9.36510891605417,9.727911839841601,3.9659318713245697,7.740929747677838,False,0.0
B5,Situación política y calidad de la democracia,27,¿Qué partido es el que está más capacitado para: Mejorar el acceso a la vivienda,8,TV,955,0.06446596858638744,0.06948181474329623,0.9278106627548507,True,0.08929553522323884,False,0.6089310974897424,0.7644197486682179,0.9299293683691243,1.056306136813806,1.1864815011543741,1.2412579882779509,0.06572303664921465,0.9808732504321643,True,0.05804709764511774
B5,Situación política y calidad de la democracia,28,¿Qué partido es el que está más capacitado para: Mejorar la atención de osakidetza,8,TV,968,0.27799173553719003,0.06950089819732058,3.999829394261084,False,4.999750012499375e-05,False,2.6435707542641382,3.3659357236180956,4.022334361625893,4.595386068130674,5.247740477181056,5.432995946071265,0.06516528925619833,4.2659480025364624,False,4.999750012499375e-05
B5,Situación política y calidad de la democracia,29,¿Qué partido es el que está más capacitado para: Mejorar la educación pública,8,TV,966,0.2755175983436853,0.07051933023167936,3.906979794597009,False,4.999750012499375e-05,False,2.5831125331311036,3.25088920399719,3.9349041285832302,4.518038412354842,5.139425493928331,5.312009996656351,0.06588209109730848,4.181980167216355,False,4.999750012499375e-05
B5,Situación política y calidad de la democracia,30,¿Qué partido es el que está más capacitado para: Gestionar la inmigración,8,TV,957,0.46130512016718905,0.0711916596143684,6.4797635378356215,False,4.999750012499375e-05,False,4.345596014756103,5.495052378119906,6.599501003822448,7.4101242075070815,8.479162352462245,8.840546989031278,0.06722941483803553,6.861656036699613,False,4.999750012499375e-05
B5,Situación política y calidad de la democracia,31,¿Qué partido es el que está más capacitado para: Incrementar la seguridad,8,TV,974,0.48773825159862116,0.06950679648035227,7.017130356978715,False,4.999750012499375e-05,False,4.600908170988845,5.8843616090906785,7.022093688222024,8.05761146817239,9.080776881497979,9.485089950317121,0.06524045174537986,7.476009723264391,False,4.999750012499375e-05
B5,Situación política y calidad de la democracia,32,¿Qué partido es el que está más capacitado para: Defender la industria vasca,8,TV,996,0.5416024096385542,0.06739887305877501,8.035778419711132,False,4.999750012499375e-05,False,5.339417997861098,6.783054616989837,8.163760756090126,9.215240645349736,10.526410073958283,10.969127530477683,0.06303634538152612,8.591906881030575,False,4.999750012499375e-05
B5,Situación política y calidad de la democracia,33,¿Qué partido es el que está más capacitado para: Crear empleo de calidad,8,TV,979,0.526658835546476,0.06940309231504173,7.588405904967627,False,4.999750012499375e-05,False,5.028192142938713,6.368881026512153,7.572039149926379,8.598814086135713,9.717531004320838,10.118300732480265,0.06529954034729313,8.065276305858523,False,4.999750012499375e-05
B5,Situación política y calidad de la democracia,34,¿Qué partido es el que está más capacitado para: Proteger a los más vulnerables,8,TV,992,0.5988295978215333,0.07002790383907766,8.551299767555923,False,4.999750012499375e-05,False,5.632230505926829,7.106727323995457,8.613975436302459,9.805032102566548,11.064862696534068,11.534259081375797,0.0656556451612903,9.120763284717448,False,4.999750012499375e-05
B5,Situación política y calidad de la democracia,35,¿Qué partido es el que está más capacitado para: Gestionar la política lingüística,8,TV,971,0.5219472819884767,0.06783854727529275,7.693963136775092,False,4.999750012499375e-05,False,5.084856245417986,6.431415627950214,7.710567634485502,8.796812627962481,10.03206223355304,10.359143758167281,0.06369773429454167,8.194126333834184,False,4.999750012499375e-05
B5,Situación política y calidad de la democracia,36,Indica tu grado de acuerdo con cada una de las siguientes frases: Hay una ofensiva judicial contra el euskera,5,TV,1000,0.3162017982017983,0.06258865652724967,5.0520623983058535,False,4.999750012499375e-05,False,3.3124247356018515,4.205264751969088,5.056916305572179,5.734929998832681,6.476454267023576,6.719566850531425,0.059,5.359352511894886,False,4.999750012499375e-05
B5,Situación política y calidad de la democracia,37,Indica tu grado de acuerdo con cada una de las siguientes frases: Es necesario modificar la ley de empleo público para proteger el actual modelo lingüístico,5,TV,1000,0.308,0.06261140684410646,4.919231423227343,False,4.999750012499375e-05,False,3.233253769947392,4.055438274437816,4.996114325187813,5.544352055814949,6.280540203164154,6.529947601773481,0.05900000000000001,5.220338983050847,False,4.999750012499375e-05
B5,Situación política y calidad de la democracia,38,Indica tu grado de acuerdo con cada una de las siguientes frases: Hay que avanzar hacia la universalización del euskera en la administración pública,5,TV,1000,0.39699999999999996,0.062309188846641314,6.371451905386178,False,4.999750012499375e-05,False,4.166207793658776,5.301055360745185,6.345617386618474,7.200920020621151,8.298169614520162,8.517552685248136,0.058000000000000024,6.844827586206893,False,4.999750012499375e-05
B5,Situación política y calidad de la democracia,39,Indica tu grado de acuerdo con cada una de las siguientes frases: Habría que igualar el castellano y el euskera de forma flexible y progresiva teniendo en cuenta la situación sociolingüística de cada lugar,5,TV,1000,0.3974215784215784,0.060584474017743986,6.559792502369197,False,4.999750012499375e-05,False,4.368121827326397,5.413574876854005,6.531678266553883,7.432582990167825,8.405883138033518,8.79952876366694,0.05700000000000001,6.972308393361023,False,4.999750012499375e-05
B5,Situación política y calidad de la democracia,40,¿Cuál de las siguientes afirmaciones sobre los requisitos lingüísticos del empleo público coincide más con tu punto de vista?,3,TV,1000,0.5203356643356644,0.051007984790874455,10.201062960416241,False,4.999750012499375e-05,False,6.582092238001044,8.459801049701083,10.184866498818863,11.429239068718672,13.018272873495688,13.61185068397867,0.048999999999999974,10.619095190523769,False,4.999750012499375e-05
B5,Situación política y calidad de la democracia,41,¿A cuál de los siguientes partidos no votarías nunca? (Marca todas las necesarias),8,DAM-multi,1000,20.8875,3.9811825458793124,5.246556710045717,False,0.0,False,3.44168645683369,4.370188948525857,5.246556710045717,5.9429940318999765,6.757256579190154,7.019031692078535,3.7396913483400613,5.585353991652639,False,0.0
B5,Situación política y calidad de la democracia,42,Indica tu grado de acuerdo con cada una de las siguientes afirmaciones:: En ningún caso se puede justificar la violencia para alcanzar fines políticos,5,TV,1000,0.34264835164835167,0.05435627376425852,6.303749832713092,False,4.999750012499375e-05,False,4.142208917991475,5.305132446046887,6.33002957102884,7.156927835639221,8.126634105484078,8.428688416856145,0.05100000000000002,6.718595130359835,False,4.999750012499375e-05
B5,Situación política y calidad de la democracia,43,Indica tu grado de acuerdo con cada una de las siguientes afirmaciones:: Me siento libre de expresar mis opiniones políticas en cualquier situación,5,TV,1000,0.24300000000000002,0.060888529784537376,3.990899449533265,False,4.999750012499375e-05,False,2.6039957624816656,3.305712024579862,4.02619915854418,4.519899076875203,5.178097275372921,5.4206106870229025,0.05700000000000003,4.26315789473684,False,4.999750012499375e-05
B5,Situación política y calidad de la democracia,44,"Cuando se habla de política se utilizan normalmente las expresiones “izquierda” y “derecha”, ¿dónde te colocas? Utiliza una escala de 0 a 10, en la que ‘0’ representa la ""extrema izquierda"" y ‘10’ representa la ""extrema derecha"". -",12,TV,1000,0.27999999999999997,0.0825399239543726,3.392297770407224,False,4.999750012499375e-05,True,2.218852006227088,2.8267954411973566,3.3942027226446885,3.8830736429697277,4.412824396375182,4.580090950837415,0.07700000000000004,3.636363636363634,False,4.999750012499375e-05
B5,Situación política y calidad de la democracia,45,"Y en la misma escala, ¿dónde colocarías a los siguientes partidos o coaliciones de partidos? Utiliza una escala de 0 a 10, en la que ‘0’ representa la extrema izquierda y ‘10’ representa la extrema derecha: PNV/ EAJ",12,TV,1000,0.6607527527527527,0.08055266159695819,8.202742648763127,False,4.999750012499375e-05,False,5.401304619995046,6.8675997887283025,8.161591851806564,9.281131571408425,10.51642985741355,10.909377438997572,0.07600000000000001,8.694115167799376,False,4.999750012499375e-05
B5,Situación política y calidad de la democracia,46,"Y en la misma escala, ¿dónde colocarías a los siguientes partidos o coaliciones de partidos? Utiliza una escala de 0 a 10, en la que ‘0’ representa la extrema izquierda y ‘10’ representa la extrema derecha: EH Bildu",12,TV,1000,0.549,0.08017997465145754,6.847096203091904,False,4.999750012499375e-05,False,4.546505110555517,5.751820843596673,6.904025878083247,7.809772018684202,8.929545479845494,9.202700721707968,0.07500000000000001,7.319999999999999,False,4.999750012499375e-05
B5,Situación política y calidad de la democracia,47,"Y en la misma escala, ¿dónde colocarías a los siguientes partidos o coaliciones de partidos? Utiliza una escala de 0 a 10, en la que ‘0’ representa la extrema izquierda y ‘10’ representa la extrema derecha: PSE",12,TV,1000,0.6428848848848849,0.08102902408111534,7.934007501328353,False,4.999750012499375e-05,False,5.226900275280692,6.589177141319123,7.90229666200343,8.965813190032684,10.198794431923213,10.580526803723329,0.07600000000000001,8.45901164322217,False,4.999750012499375e-05
B5,Situación política y calidad de la democracia,48,"Y en la misma escala, ¿dónde colocarías a los siguientes partidos o coaliciones de partidos? Utiliza una escala de 0 a 10, en la que ‘0’ representa la extrema izquierda y ‘10’ representa la extrema derecha: Elkarrekin Podemos",12,TV,1000,0.6122547452547453,0.08143358681875791,7.518454843667954,False,4.999750012499375e-05,False,4.943348860592852,6.248564122143846,7.508486548920892,8.564988544075584,9.722885883933055,10.100462419776814,0.07600000000000004,8.055983490194013,False,4.999750012499375e-05
B5,Situación política y calidad de la democracia,49,"Y en la misma escala, ¿dónde colocarías a los siguientes partidos o coaliciones de partidos? Utiliza una escala de 0 a 10, en la que ‘0’ representa la extrema izquierda y ‘10’ representa la extrema derecha: Sumar",12,TV,1000,0.6299999999999999,0.08180798479087453,7.70095977318677,False,4.999750012499375e-05,False,5.087071855772654,6.423669893126219,7.7031735860197035,8.80922126462754,9.915440385526647,10.295972708122317,0.07700000000000001,8.18181818181818,False,4.999750012499375e-05
B5,Situación política y calidad de la democracia,50,"Y en la misma escala, ¿dónde colocarías a los siguientes partidos o coaliciones de partidos? Utiliza una escala de 0 a 10, en la que ‘0’ representa la extrema izquierda y ‘10’ representa la extrema derecha: PP",12,TV,1000,0.5720000000000001,0.07886622306717364,7.252788047334331,False,4.999750012499375e-05,False,4.7275005132803445,6.0659351293810255,7.299057107276287,8.226847703933526,9.394507360183985,9.765168415335785,0.07499999999999998,7.62666666666667,False,4.999750012499375e-05
B5,Situación política y calidad de la democracia,51,"Y en la misma escala, ¿dónde colocarías a los siguientes partidos o coaliciones de partidos? Utiliza una escala de 0 a 10, en la que ‘0’ representa la extrema izquierda y ‘10’ representa la extrema derecha: Vox",12,TV,1000,0.27392892892892895,0.06589860583016477,4.1568243436728265,False,4.999750012499375e-05,False,2.749737595132391,3.4642645896500786,4.155729342480537,4.763745114860122,5.418469280641103,5.613523463366887,0.062000000000000006,4.418208531111757,False,4.999750012499375e-05
B5,Situación política y calidad de la democracia,52,"Y en relación con el sentimiento nacionalista vasco, ¿dónde te colocarías? Utiliza una escala de 0 a 10, en la que 0 representa ""mínimo nacionalismo vasco"" y 10 ""máximo nacionalismo vasco"" -",12,TV,1000,0.22457314629258518,0.08427122940430923,2.6648851319724733,False,4.999750012499375e-05,True,1.749619959878997,2.2261923224531164,2.6589485863619235,3.0368853131006484,3.4412688100060125,3.5810640083839194,0.07900000000000001,2.8426980543365206,False,4.999750012499375e-05
B5,Situación política y calidad de la democracia,53,"Y en la misma escala, ¿dónde colocarías a los siguientes partidos o coaliciones de partidos?: PNV/ EAJ",12,TV,1000,0.5413416583416583,0.08027192648922686,6.743847843421457,False,4.999750012499375e-05,False,4.433615626404645,5.628290297407075,6.724269976622226,7.633807098480829,8.732916623012194,9.054123834472302,0.07500000000000001,7.217888777888776,False,4.999750012499375e-05
B5,Situación política y calidad de la democracia,54,"Y en la misma escala, ¿dónde colocarías a los siguientes partidos o coaliciones de partidos?: EH Bildu",12,TV,1000,0.595,0.07715716096324461,7.711533091315275,False,4.999750012499375e-05,False,5.065091860118856,6.460298041633354,7.660806689284122,8.780990093083675,9.80205672917756,10.271470689589156,0.07200000000000001,8.263888888888888,False,4.999750012499375e-05
B5,Situación política y calidad de la democracia,55,"Y en la misma escala, ¿dónde colocarías a los siguientes partidos o coaliciones de partidos?: PSE",12,TV,1000,0.739,0.08262401774397972,8.944130534657354,False,4.999750012499375e-05,False,5.897875000505761,7.446771010938908,9.049906562944292,10.092334481203801,11.61895504310845,12.062772568912866,0.07799999999999999,9.474358974358976,False,4.999750012499375e-05
B5,Situación política y calidad de la democracia,56,"Y en la misma escala, ¿dónde colocarías a los siguientes partidos o coaliciones de partidos?: Elkarrekin Podemos",12,TV,1000,0.3768063872255488,0.08379759188846637,4.496625484501676,False,4.999750012499375e-05,False,2.9343453298343434,3.7334595758320916,4.473101822354327,5.093240917056013,5.740394756974377,5.995711754032684,0.079,4.7697011041208714,False,4.999750012499375e-05
B5,Situación política y calidad de la democracia,57,"Y en la misma escala, ¿dónde colocarías a los siguientes partidos o coaliciones de partidos?: Sumar",12,TV,1000,0.6320000000000001,0.08236501901140683,7.673160373003419,False,4.999750012499375e-05,False,5.045972009997877,6.3787916001473715,7.592718635086679,8.650010147951939,9.767708216925286,10.198447678164218,0.07700000000000001,8.207792207792208,False,4.999750012499375e-05
B5,Situación política y calidad de la democracia,58,"Y en la misma escala, ¿dónde colocarías a los siguientes partidos o coaliciones de partidos?: PP",12,TV,1000,0.5431648351648353,0.0769721166032953,7.056644134709705,False,4.999750012499375e-05,False,4.62421075118104,5.8300578023275635,7.137330010434853,8.043695852606088,9.10513447290054,9.479465154615488,0.07200000000000001,7.543956043956045,False,4.999750012499375e-05
B5,Situación política y calidad de la democracia,59,"Y en la misma escala, ¿dónde colocarías a los siguientes partidos o coaliciones de partidos?: Vox",12,TV,1000,0.634,0.06725278833967045,9.427118423668718,False,4.999750012499375e-05,False,6.308656611007417,7.866400797607179,9.440951821941049,10.69351378679713,12.13963102002305,12.562495291192645,0.06300000000000003,10.06349206349206,False,4.999750012499375e-05
B6,"Geopolítica, guerras y Donald Trump",0,Si hoy tuvieras que señalar a los aliados y los enemigos de Euskadi ¿dónde ubicarías a …?: Estados Unidos,3,TV,1000,0.5309999999999999,0.05050443599493027,10.513927926119257,False,4.999750012499375e-05,False,6.935488676996425,8.677602758877807,10.42964899178491,11.782958599518802,13.478182750838167,13.786080947680167,0.04799999999999999,11.062500000000002,False,4.999750012499375e-05
B6,"Geopolítica, guerras y Donald Trump",1,Si hoy tuvieras que señalar a los aliados y los enemigos de Euskadi ¿dónde ubicarías a …?: Rusia,3,TV,1000,0.27699999999999997,0.05027433460076045,5.509769591178439,False,4.999750012499375e-05,False,3.5626632151718,4.556177491478783,5.441731569826509,6.22728642346249,7.051509350744136,7.279519035406193,0.04700000000000003,5.893617021276592,False,4.999750012499375e-05
B6,"Geopolítica, guerras y Donald Trump",2,Si hoy tuvieras que señalar a los aliados y los enemigos de Euskadi ¿dónde ubicarías a …?: Palestina,3,TV,1000,0.4685705705705706,0.05068174904942966,9.245351223249537,False,4.999750012499375e-05,False,6.049148513004368,7.745000558931013,9.283774463120768,10.397882753248059,11.902532458281181,12.249833432835818,0.04800000000000001,9.761886886886886,False,4.999750012499375e-05
B6,"Geopolítica, guerras y Donald Trump",3,Si hoy tuvieras que señalar a los aliados y los enemigos de Euskadi ¿dónde ubicarías a …?: Argentina,3,TV,1000,0.474,0.05072877059569077,9.343810118675824,False,4.999750012499375e-05,False,6.126338343795466,7.655427368972659,9.233333086443539,10.472564145106448,11.97778965637509,12.460385153594983,0.04700000000000003,10.085106382978717,False,4.999750012499375e-05
B6,"Geopolítica, guerras y Donald Trump",4,Si hoy tuvieras que señalar a los aliados y los enemigos de Euskadi ¿dónde ubicarías a …?: México,3,TV,1000,0.378,0.049437262357414434,7.646054453161055,False,4.999750012499375e-05,False,4.964990261199625,6.264272211720228,7.473715996185987,8.582657961474128,9.838301162682539,10.19212630715604,0.04600000000000001,8.217391304347824,False,4.999750012499375e-05
B6,"Geopolítica, guerras y Donald Trump",5,Si hoy tuvieras que señalar a los aliados y los enemigos de Euskadi ¿dónde ubicarías a …?: China,3,TV,1000,0.33499999999999996,0.04865405576679341,6.885345830277911,False,4.999750012499375e-05,False,4.545806331778595,5.7451664438720575,7.019013729187139,7.704494178962655,8.832848579046434,9.104891491560448,0.045000000000000026,7.444444444444439,False,4.999750012499375e-05
B6,"Geopolítica, guerras y Donald Trump",6,Si hoy tuvieras que señalar a los aliados y los enemigos de Euskadi ¿dónde ubicarías a …?: Hungría,3,TV,1000,0.31700000000000006,0.04571159695817491,6.934782879934122,False,4.999750012499375e-05,False,4.5494943247962745,5.743267912622368,6.883821932681871,7.877587208798754,8.967519618342694,9.327354092858489,0.04299999999999997,7.372093023255821,False,4.999750012499375e-05
B6,"Geopolítica, guerras y Donald Trump",7,Si hoy tuvieras que señalar a los aliados y los enemigos de Euskadi ¿dónde ubicarías a …?: Francia,3,TV,1000,0.512,0.050632446134347225,10.112092918471062,False,4.999750012499375e-05,False,6.60294213795358,8.476750041967431,10.141935581054675,11.444655113920874,12.980397083806345,13.402163094685154,0.04799999999999999,10.66666666666667,False,4.999750012499375e-05
B6,"Geopolítica, guerras y Donald Trump",8,Si hoy tuvieras que señalar a los aliados y los enemigos de Euskadi ¿dónde ubicarías a …?: Italia,3,TV,1000,0.07800000000000004,0.05064638783269963,1.5400900900900905,False,0.0015999200039998,False,1.020454862009273,1.2765692641815112,1.5393985934746546,1.7421397134225178,1.9876170379816651,2.0460121679577137,0.047000000000000035,1.6595744680851061,False,0.0006499675016249188
B6,"Geopolítica, guerras y Donald Trump",9,Si hoy tuvieras que señalar a los aliados y los enemigos de Euskadi ¿dónde ubicarías a …?: Ucrania,3,TV,1000,0.07399999999999998,0.04996001267427125,1.4811845721990582,False,0.0027498625068746564,False,0.9709961749542663,1.232019075553117,1.4685032389015267,1.6575359674318269,1.8867558695732278,1.9650646203554119,0.04700000000000001,1.5744680851063824,False,0.0014499275036248187
B6,"Geopolítica, guerras y Donald Trump",10,Si hoy tuvieras que señalar a los aliados y los enemigos de Euskadi ¿dónde ubicarías a …?: Reino Unido,3,TV,1000,0.6160000000000001,0.049505766793409414,12.442994824635395,False,4.999750012499375e-05,False,8.287136816259718,10.359782156902446,12.464055413582335,14.230420413496292,15.964000656922323,16.614501076812612,0.04599999999999997,13.391304347826097,False,4.999750012499375e-05
B6,"Geopolítica, guerras y Donald Trump",11,Si hoy tuvieras que señalar a los aliados y los enemigos de Euskadi ¿dónde ubicarías a …?: Israel,3,TV,837,0.050082340404921044,0.051010534636193906,0.9818038717317369,True,0.055547222638868056,False,0.6631563445811733,0.8554726607783953,1.0346954258772978,1.157630556301284,1.313227184323637,1.3614572034110433,0.04798088410991635,1.043797781845591,False,0.039998000099995
B6,"Geopolítica, guerras y Donald Trump",12,Si hoy tuvieras que señalar a los aliados y los enemigos de Euskadi ¿dónde ubicarías a …?: Irán,3,TV,1000,0.6362657342657343,0.047368821292775656,13.432163117024254,False,4.999750012499375e-05,False,8.662397664592547,10.924668935736932,13.27894047349679,14.99225140711036,17.014462215641743,17.569249632892785,0.045000000000000005,14.139238539238539,False,4.999750012499375e-05
B6,"Geopolítica, guerras y Donald Trump",13,Si hoy tuvieras que señalar a los aliados y los enemigos de Euskadi ¿dónde ubicarías a …?: Corea del Norte,3,TV,1000,0.609,0.049275538656527236,12.359073418659207,False,4.999750012499375e-05,False,8.121921536147127,10.270604756744278,12.29536449090773,14.051370005724353,16.154744988383218,16.519754043549508,0.04599999999999997,13.239130434782616,False,4.999750012499375e-05
B6,"Geopolítica, guerras y Donald Trump",14,"¿Cómo crees que la guerra en Oriente Medio (entre EEUU, ISRAEL, LIBANO e IRÁN) puede afectar a…?: La economía europea",5,TV,1000,0.28741341341341337,0.05481045627376425,5.2437697649852915,False,4.999750012499375e-05,False,3.5173063695966533,4.439794879899427,5.363325599835936,5.953521388744747,6.810235095651552,7.062676580621025,0.05100000000000002,5.635557125753201,False,4.999750012499375e-05
B6,"Geopolítica, guerras y Donald Trump",15,"¿Cómo crees que la guerra en Oriente Medio (entre EEUU, ISRAEL, LIBANO e IRÁN) puede afectar a…?: La economía española",5,TV,1000,0.278,0.05421552598225598,5.127682429770869,False,4.999750012499375e-05,False,3.3372993895722147,4.228809392984183,5.196926510622876,5.84742814412364,6.6662452307331375,6.890829694323153,0.050999999999999955,5.450980392156868,False,4.999750012499375e-05
B6,"Geopolítica, guerras y Donald Trump",16,"¿Cómo crees que la guerra en Oriente Medio (entre EEUU, ISRAEL, LIBANO e IRÁN) puede afectar a…?: La economía vasca",5,TV,1000,0.35937162837162834,0.05611153358681878,6.404594659947928,False,4.999750012499375e-05,False,4.214328187530133,5.348145129706999,6.383492740842794,7.305218804468104,8.279626542977775,8.597193887441696,0.052000000000000005,6.910992853300544,False,4.999750012499375e-05
B6,"Geopolítica, guerras y Donald Trump",17,"¿Cómo crees que la guerra en Oriente Medio (entre EEUU, ISRAEL, LIBANO e IRÁN) puede afectar a…?: La economía de tu hogar",5,TV,1000,0.71,0.057973700887198935,12.24693247342389,False,4.999750012499375e-05,False,8.015493272130996,10.230043115963865,12.181486072150827,13.868560733596095,15.765420316929436,16.246338563266725,0.05500000000000001,12.909090909090907,False,4.999750012499375e-05
B6,"Geopolítica, guerras y Donald Trump",18,¿Crees que las medidas que ha tomado o que puede tomar Donald Trump tienen o podrían tener un impacto personal negativo en…: Tu espacio laboral,5,TV,1000,0.5406966966966967,0.06279600760456275,8.610367399493878,False,4.999750012499375e-05,False,5.642059949078375,7.18990964268164,8.676298515924874,9.704414343455753,11.103462704917318,11.50850842514581,0.059000000000000004,9.164350791469436,False,4.999750012499375e-05
B6,"Geopolítica, guerras y Donald Trump",19,¿Crees que las medidas que ha tomado o que puede tomar Donald Trump tienen o podrían tener un impacto personal negativo en…: Tu cesta de la compra,5,TV,1000,0.7399999999999999,0.05696229404309253,12.991049823944637,False,4.999750012499375e-05,False,8.586631056938307,10.904160449120079,13.179817853680225,14.90837386349056,16.89954947849204,17.611607142857135,0.053000000000000005,13.962264150943392,False,4.999750012499375e-05
B6,"Geopolítica, guerras y Donald Trump",20,¿Crees que las medidas que ha tomado o que puede tomar Donald Trump tienen o podrían tener un impacto personal negativo en…: Los precios de la energía que consumes,5,TV,1000,0.7377907907907908,0.05650456273764259,13.057189632922942,False,4.999750012499375e-05,False,8.618183585716439,10.940608076642814,13.110918929848927,14.804460383044004,17.066175871308605,17.604662519298873,0.05300000000000001,13.920580958316805,False,4.999750012499375e-05
B6,"Geopolítica, guerras y Donald Trump",21,¿Cuáles crees que son las principales amenazas que tenemos como país europeo? Señala los dos más importantes para ti,6,DAM-multi,1000,39.033333333333324,4.083138729029571,9.559639268639367,False,0.0,False,6.27102361060821,7.962828230505779,9.559639268639367,10.828602883841764,12.312253333507766,12.789228192833825,3.83546305728404,10.176954581586696,False,0.0
B6,"Geopolítica, guerras y Donald Trump",22,¿Qué papel crees que deben tener las potencias mundiales en conflictos internacionales? (Marca todas las que consideres),7,DAM-multi,1000,19.857142857142854,3.5572924730959543,5.582094530411481,False,0.0,False,3.661795765839572,4.649679623155794,5.582094530411481,6.323071742695002,7.189409564383736,7.467926219517601,3.341513666315427,5.942559223179431,False,0.0
B6,"Geopolítica, guerras y Donald Trump",23,¿De las siguientes medidas cuales crees que se deberían utilizar para acabar con regímenes autoritarios que violan derechos fundamentales de su ciudadanía? Marcar todas las que consideres,9,DAM-multi,1000,28.57777777777778,3.6913137103186937,7.741898960766053,False,0.0,False,5.078604935771515,6.4487173490685095,7.741898960766053,8.769572476231627,9.971110688252903,10.35739003038686,3.4674054222346498,8.241833387732367,False,0.0
B7,Perfil y clasificación (validación),0,¿Qué nivel de estudios has terminado?,8,TV,1000,0.5516656656656657,0.07117877059569075,7.750424193180209,False,4.999750012499375e-05,True,5.118768127788156,6.475517469716846,7.760380298998185,8.786400251324428,9.946331784861188,10.343391683496167,0.067,8.233815905457696,False,4.999750012499375e-05
B7,Perfil y clasificación (validación),1,¿Cómo te consideras en materia religiosa?,6,TV,1000,0.008999999999999994,0.06330804816223065,0.14216201985783794,True,0.9970001499925004,True,0.0935173917853248,0.11846846846846837,0.1441215808925755,0.1620111190140616,0.1841504333473846,0.1911777177402744,0.059000000000000025,0.15254237288135578,True,0.9970501474926253
B7,Perfil y clasificación (validación),2,¿Dónde has nacido?,3,TV,1000,0.008000000000000004,0.035917680608364984,0.222731531226347,True,0.8308584570771461,True,0.14570637119113572,0.18588761927199912,0.22397274856291255,0.2520298746438862,0.2858411493966075,0.29721712106229725,0.03400000000000001,0.23529411764705888,True,0.8171591420428979
B7,Perfil y clasificación (validación),3,¿Con quién vives en la actualidad? Indica todas las respuestas necesarias,8,DAM-multi,1000,13.825,2.9164973544043495,4.740275172587477,False,0.0,False,3.109571051032658,3.9484750317380604,4.740275172587477,5.369507777607828,6.105195724999486,6.341710097568853,2.739587998799907,5.046379238796535,False,0.0
B7,Perfil y clasificación (validación),4,¿Cuál es tu nivel de conocimiento del euskera?: Lectura,3,TV,1000,0.17600000000000002,0.05301520912547525,3.3198020512084945,False,4.999750012499375e-05,True,2.1797906607309927,2.7435236845848694,3.366049114880146,3.821911643889341,4.322180213475811,4.503015759776896,0.04899999999999999,3.591836734693879,False,4.999750012499375e-05
B7,Perfil y clasificación (validación),5,¿Cuál es tu nivel de conocimiento del euskera?: Escritura,3,TV,1000,0.30199999999999994,0.052643219264892245,5.736731229911763,False,4.999750012499375e-05,True,3.755532159023566,4.790663074510435,5.722732851231236,6.453122524506117,7.322862486349036,7.636944042922118,0.04899999999999999,6.163265306122449,False,4.999750012499375e-05
B7,Perfil y clasificación (validación),6,¿Cuál es tu nivel de conocimiento del euskera?: Conversación,3,TV,1000,0.085,0.05192737642585548,1.6369014930181824,False,0.00024998750062496874,True,1.0655284506344074,1.3577532539311388,1.626859371816145,1.8370197904540173,2.0812153441104084,2.1656925113830865,0.04899999999999999,1.734693877551021,False,0.00034998250087495624
B7,Perfil y clasificación (validación),7,"Pensando en las últimas elecciones autonómicas celebradas el pasado 21 de abril de 2024, ¿a qué partido votaste?",13,TV,1000,0.029755755755755793,0.08287579214195182,0.3590403782179163,True,0.9897005149742513,True,0.23420146134722603,0.29639900933854646,0.35773012168937784,0.40513293087944213,0.4618904534503408,0.47638401072451475,0.07804999999999931,0.38123966375087837,True,0.9847507624618769
B7,Perfil y clasificación (validación),8,¿Y a qué partido habías votado en las elecciones autonómicas que se celebraron el 12 de Julio de 2020?,12,TV,998,0.343137726905262,0.08219455387327251,4.174701494630793,False,4.999750012499375e-05,False,2.7627103294432422,3.5107404719132607,4.214030648142916,4.75087582673348,5.3680105650470145,5.60522360305568,0.07701462925851704,4.455487615910512,False,4.999750012499375e-05
