block,item,tipo,K,n_syn,div_w,floor_paired,floor_indep,ratio_paired,ratio_indep,in_profile
B1,0,multi,24,1000,0.04502943896749203,0.01274989740670573,0.02143777105120921,3.5317491216681534,2.1004720528047676,True
B1,1,cat,6,1000,0.020256985026655322,0.019710875505636317,0.0636610742092127,1.0277060002161165,0.3182004903040709,True
B1,2,cat,4,1000,0.4776961651982641,0.04320351630093814,0.05160998614146409,11.056881617478233,9.255886329612423,False
B1,3,cat,12,1000,0.16702500268295897,0.05514261830112071,0.07799316697420201,3.028963945289562,2.141533792802724,False
B1,4,cat,5,1000,0.2932603422963883,0.14226878498383258,0.06816474751918682,2.0613119197560756,4.302228834836398,False
B1,5,cat,4,1000,0.3745058357741001,0.04787082624699369,0.0526889401739991,7.8232582375287345,7.107864279246045,False
B1,6,cat,4,1000,0.39255412008608076,0.04941231341175974,0.057363814603457144,7.9444594470789545,6.843235980726127,False
B1,7,cat,4,1000,0.12157827374649502,0.03310816387893718,0.03808881027756744,3.672153919228391,3.1919682673338587,False
B1,8,cat,4,1000,0.13276537939882196,0.03593531834303255,0.04372602201809582,3.694565277854667,3.0363013434855244,False
B1,9,cat,4,1000,0.10875714421732813,0.03424990349010601,0.04204681831442875,3.175400019703574,2.5865725060106897,False
B1,10,cat,4,1000,0.29750672897121594,0.04614381978281204,0.051464468004367485,6.4473797438423865,5.7808181160246,False
B1,11,cat,4,1000,0.16037334640372253,0.0469835882976649,0.050990414581642614,3.413390765040676,3.1451665517828435,False
B1,12,cat,4,1000,0.14497036945431452,0.03230251127364871,0.037652446177466846,4.487897805412312,3.850224465391367,False
B1,13,cat,4,1000,0.11950416236950792,0.030261589090418834,0.03675773398584002,3.949037904534376,3.251129746342466,False
B1,14,cat,4,1000,0.18848933304349974,0.04238190872708792,0.04979393422994172,4.447400759065599,3.785387436411054,False
B1,15,cat,4,1000,0.17696435308516711,0.037481484584325146,0.04513811330306913,4.721380570906577,3.920508415958417,False
B1,16,cat,4,1000,0.20898851064961954,0.03586104836066637,0.045657629532126445,5.827730091651345,4.577296561192851,False
B1,17,cat,4,1000,0.3410339484680654,0.04753569457472331,0.05578545998641395,7.174270861488732,6.113312475170432,False
B1,18,cat,5,1000,0.28266882759586553,0.05752063408757429,0.06204789789314187,4.914216125738575,4.555655182431391,False
B1,19,cat,5,1000,0.26259830095492825,0.055900472406978874,0.062090192377838034,4.697604325113794,4.2293040317371915,False
B1,20,cat,5,1000,0.44600716907686283,0.052378638809796235,0.05925914268957226,8.515058413344017,7.526385783426901,False
B1,21,cat,5,1000,0.2507212192258561,0.05414717569894523,0.06266856203165184,4.630365591362508,4.000749516148543,False
B1,22,cat,5,1000,0.39646417530533906,0.05044006715159347,0.057555731903490046,7.860104034235295,6.88835259657776,False
B1,23,cat,5,1000,0.48291865922399907,0.05593282809147203,0.062349837904240424,8.633903839695686,7.745307372982852,False
B1,24,cat,5,1000,0.13251740373768198,0.054275398843543037,0.06043892222567366,2.441574019929052,2.1925838326976375,False
B1,25,cat,5,1000,0.43638288228531935,0.05689318440706614,0.06383985778512724,7.6702136966536285,6.83558669184541,False
B2,0,escala,12,1000,0.5078052491687539,0.07944726576638421,0.08649041345305591,6.391727195017162,5.871231607007793,False
B2,1,escala,12,1000,0.5597152774197586,0.0774484865357127,0.08606249658769682,7.22693628314693,6.503590990407933,False
B2,2,escala,12,1000,0.5013421551835123,0.07832046840531152,0.08380724409576758,6.401163902506901,5.982086162034184,False
B2,3,escala,12,1000,0.3791173810395638,0.07987966968907285,0.08691824536825782,4.74610601815527,4.361769838234861,False
B2,4,escala,12,1000,0.5198197818265546,0.0792493998705567,0.0864402985708396,6.559289820183002,6.013627791909484,False
B2,5,escala,12,1000,0.5094578243015228,0.07779322498216913,0.0872723349214634,6.5488713756023715,5.837563814008015,False
B2,6,escala,12,1000,0.44534579901538407,0.07919055259287969,0.08709886455215114,5.623723846263787,5.113106827572129,False
B2,7,escala,12,1000,0.5121475011640647,0.07586799893337091,0.08176222530571704,6.750507570574583,6.263864507712389,False
B2,8,escala,12,1000,0.5944697645271454,0.07840594623602332,0.08525301554404019,7.5819474550773105,6.973005714033105,False
B2,9,escala,12,1000,0.6108579938270509,0.0780503902601314,0.08708411544645295,7.826456623613844,7.014574250371305,False
B2,10,escala,12,1000,0.2881589087821625,0.07910279196847811,0.08610122447321591,3.642841189436041,3.346745769821218,False
B2,11,escala,12,1000,0.5495868399881029,0.07944787192879527,0.0858234166166836,6.917577861376415,6.403693323498684,False
B2,12,escala,12,1000,0.5904359052095962,0.07833759112155397,0.08532390559925157,7.537069965470797,6.919935287336112,False
B2,13,escala,12,1000,0.4164352205774759,0.07701931824618082,0.08472710525615863,5.406893102408445,4.915017683165873,False
B2,14,escala,12,1000,0.5290106315553547,0.07582098677204659,0.08452865341392356,6.977100326401825,6.258358677085184,False
B2,15,escala,12,1000,0.5256962545818861,0.07897807771929954,0.08629173331772921,6.656230054753838,6.092081296434896,False
B2,16,cat,3,1000,0.145299535559311,0.04217102823477406,0.05163264552822605,3.4454823996797304,2.814102087406697,False
B2,17,cat,3,1000,0.2600800803481668,0.04346051931695203,0.05299185290534917,5.984283769170726,4.907925767621413,False
B2,18,cat,3,1000,0.19526511713922595,0.04326741126564755,0.0493228529676677,4.512983592671235,3.9589177306354695,False
B2,19,cat,3,1000,0.23608034520334,0.043296922205227295,0.049097327285971507,5.452589541684275,4.808415411866927,False
B2,20,cat,3,1000,0.502820433465031,0.043479709556913076,0.052256474848378254,11.564484643276208,9.62216519434119,False
B2,21,cat,3,1000,0.46944427652982096,0.04490123484096344,0.0539264182960171,10.455041563835712,8.705274545639409,False
B2,22,cat,3,999,0.6618346435523268,0.049420775816816316,0.055454108099521206,13.391830310505274,11.934817207132056,False
B2,23,cat,5,1000,0.34026751261567306,0.055962902123732734,0.06321332230544985,6.080233506535261,5.38284494796024,False
B3,0,multi,15,1000,0.16855919082544188,0.032097735095669384,0.03406947244494842,5.251435664324609,4.947513968636008,False
B3,1,cat,5,1000,0.4497017391148125,0.055848747103200536,0.062002605066724205,8.052136573159425,7.252949108039335,False
B3,2,cat,5,1000,0.6062087691331605,0.05910714641782896,0.0633056522931061,10.256099403748324,9.575902738137898,False
B3,3,cat,5,1000,0.5055157240028869,0.057593620968417365,0.06533569583767537,8.777286711667196,7.737205788070674,False
B3,4,cat,5,1000,0.23415133446826986,0.05769388297752146,0.06230617882079559,4.058512313333101,3.7580756660063135,False
B3,5,cat,2,1000,0.04812517252917353,0.04043602562197296,0.04470697889210779,1.190155852088052,1.0764577191698623,False
B3,6,cat,7,985,0.6785546586960911,0.11049271280258158,0.10923173988409324,6.141171136855617,6.212064912781866,False
B4,0,cat,5,1000,0.7079584431689377,0.056974017013597486,0.06356535842366245,12.425987849864537,11.137488417046312,False
B4,1,multi,6,1000,0.3248652849727552,0.03531277090306963,0.03777556904935972,9.19965430819578,8.599877993850143,False
B5,0,cat,6,1000,1.9255430583342559e-16,0.020028846700878317,0.06392175177467307,9.613848900495183e-15,3.0123440063436905e-15,True
B5,1,cat,4,1000,0.3627257749773342,0.038587737627581754,0.0519559548708532,9.400026984688136,6.981409077726718,False
B5,2,escala,12,1000,0.4934689936863472,0.08145726223697122,0.08852864679389508,6.058011037134699,5.5741165324169035,False
B5,3,escala,12,1000,0.33691207746426166,0.0777748959291168,0.08860045822435905,4.331887216812476,3.802599718063692,False
B5,4,escala,12,1000,0.6553180357982399,0.0774681869704791,0.08768637130701509,8.459189009392498,7.47343088817969,False
B5,5,escala,12,1000,0.5043570030236451,0.07602533383306949,0.0849151547272349,6.634064956966489,5.939540528940263,False
B5,6,escala,12,1000,0.5609405219655035,0.08120855670705036,0.08788004249557768,6.907406617125653,6.3830251560669335,False
B5,7,escala,12,1000,0.2421169228840473,0.07936463081032345,0.08800108462710271,3.0506904702006583,2.751294758581643,False
B5,8,escala,12,1000,0.4755768782572374,0.08081712667819695,0.08972613633947375,5.884605130183869,5.300316024507277,False
B5,9,escala,12,1000,0.3195517937961298,0.07898590008723169,0.08728363896526742,4.045681488002519,3.6610732272893474,False
B5,10,escala,12,1000,0.3994607536707253,0.07966590634119304,0.08917837876527128,5.014199574406589,4.479345321158577,False
B5,11,escala,12,1000,0.46567561200434837,0.07920570725305638,0.08712530192352337,5.879318904590413,5.344895245391608,False
B5,12,escala,12,1000,0.2285503219963842,0.07858281102826106,0.0887899174940141,2.908400946794709,2.5740571502591187,False
B5,13,escala,12,1000,0.4003916573960555,0.07898110675064102,0.08610293119133801,5.06946121507478,4.650151299800756,False
B5,14,escala,12,1000,0.46172398615195276,0.07990834895058119,0.08820016434451736,5.778169518150138,5.234956075007066,False
B5,15,escala,12,1000,0.434119389816501,0.08131860010779413,0.08956529651089408,5.33850053051875,4.846959779379481,False
B5,16,escala,12,1000,0.6643698881572068,0.07693272562086044,0.08586069717842731,8.635725340492314,7.737764891153611,False
B5,17,escala,12,1000,0.6066542231428145,0.08065371422355844,0.0888407235973977,7.521714641203896,6.828560130734735,False
B5,18,escala,12,1000,0.5288811265550374,0.08108335558927014,0.08620839708338673,6.522684251427612,6.134914282694143,False
B5,19,escala,12,1000,0.5565773986701207,0.079898007144182,0.09013657983930042,6.966098637050291,6.174822693099872,False
B5,20,escala,12,1000,0.36601719610257305,0.07974831787679511,0.0848156301555061,4.589654124969017,4.315445106420774,False
B5,21,escala,12,1000,0.44137444151484906,0.08190138172075999,0.08764950420037361,5.389096401568662,5.035675278959167,False
B5,22,escala,12,1000,0.37216087125362085,0.07827472649538833,0.08591666111771157,4.754547066677356,4.331649605700291,False
B5,23,escala,12,1000,0.638354601731173,0.08119732690569016,0.08909787376381827,7.861768682023426,7.164644617932535,False
B5,24,cat,6,1000,0.01871734957862273,0.021900093275279,0.0654455663057323,0.854669856577781,0.28599874117039004,True
B5,25,cat,5,1000,0.3399124906077988,0.054772329391609795,0.06598329897227471,6.205916278957231,5.151492815638476,False
B5,26,multi,8,1000,0.3064557078803126,0.03752210931356694,0.04146574944963556,8.167336897808857,7.390574436681405,False
B5,27,cat,8,955,0.06625934757560012,0.06312650242941498,0.07532611006585517,1.0496280488482337,0.8796332044449359,False
B5,28,cat,8,968,0.2835844409832834,0.059621307906152124,0.07319776558373611,4.756427709195243,3.8742226449367645,False
B5,29,cat,8,966,0.2815075352852403,0.06021444244480698,0.07303407378849384,4.675083316486278,3.8544684786512677,False
B5,30,cat,8,957,0.45723392092477805,0.06255133835060339,0.07370102599556255,7.309738416178387,6.203901706230081,False
B5,31,cat,8,974,0.4864782064343727,0.05861530723178357,0.07328348872990184,8.29950791711597,6.638305774816027,False
B5,32,cat,8,996,0.5288696540683637,0.053519210564413,0.0706600565610631,9.881865754201346,7.4847046522149965,False
B5,33,cat,8,979,0.5165714331695486,0.05685179253909678,0.07455871545034375,9.086282245442026,6.928384294839229,False
B5,34,cat,8,992,0.6010439956695243,0.05730479845588831,0.07263902133006044,10.488545669211135,8.274395561284804,False
B5,35,cat,8,971,0.517783113002678,0.05875102284990193,0.07177377753268603,8.813176143767212,7.214098669488,False
B5,36,cat,5,1000,0.3304484541274172,0.055125816925795906,0.06490461527513454,5.994440945378265,5.091293627219366,False
B5,37,cat,5,1000,0.2955127548437443,0.05605806104604233,0.06623222494276795,5.271547915312839,4.461766988789828,False
B5,38,cat,5,1000,0.3726660873456586,0.05607328340169828,0.06685571666859925,6.646054319237024,5.574184316846791,False
B5,39,cat,5,1000,0.3977681935431628,0.05718695330263359,0.06234116392925538,6.955575888755113,6.380506369668511,False
B5,40,cat,3,1000,0.5212224608328481,0.04542397433005891,0.051761596357115226,11.47461155744652,10.069675155240843,False
B5,41,multi,8,1000,0.20942532919327106,0.03357011212064916,0.03819569516367278,6.238445925965567,5.482956346150014,False
B5,42,cat,5,1000,0.34148961395330857,0.05117717257981205,0.05734673622083245,6.672694030150789,5.954822130387519,False
B5,43,cat,5,1000,0.24767063563871294,0.05635186982117484,0.06393091316902762,4.395073959828888,3.874035632556881,False
B5,44,escala,12,1000,0.26889255239357496,0.07129410758502445,0.0856905880923382,3.7715957391415142,3.137947333303659,True
B5,45,escala,12,1000,0.6624994068739178,0.07813197999466569,0.08552198296350784,8.479234839807576,7.74653935651382,False
B5,46,escala,12,1000,0.5563949950904139,0.07448916116754468,0.08429157029362538,7.46947591259543,6.600837938506073,False
B5,47,escala,12,1000,0.6445795194550485,0.07727734886797648,0.0859946314980035,8.341118437645582,7.495578598647911,False
B5,48,escala,12,1000,0.6080854021236187,0.07560998367466969,0.08507210025438124,8.042395627805632,7.147882799476344,False
B5,49,escala,12,1000,0.633534508629168,0.07673676079855857,0.08653133670204312,8.255945416985446,7.321445996040062,False
B5,50,escala,12,1000,0.5646620515816952,0.0717161991525537,0.08213464182693428,7.873563549855089,6.87483428455795,False
B5,51,escala,12,1000,0.27227108422180796,0.05651860313649824,0.07017155967190045,4.817371079823847,3.880077420180763,False
B5,52,escala,12,1000,0.2135806560560339,0.07306114103506064,0.08928330108420895,2.9233139946930287,2.392168003001949,True
B5,53,escala,12,1000,0.5385574053168991,0.07524380991213919,0.08509777237748191,7.157497818701135,6.328689814909998,False
B5,54,escala,12,1000,0.5904277275070927,0.07006034235946813,0.08100569504460715,8.427417103925995,7.2887187398609905,False
B5,55,escala,12,1000,0.7378708576699762,0.07786280196717019,0.08536796547983813,9.476551562851407,8.643416222028199,False
B5,56,escala,12,1000,0.38069328282390275,0.0785131722606662,0.08895950621927497,4.8487823362936995,4.279399684228659,False
B5,57,escala,12,1000,0.6309541759387598,0.07826107389499083,0.08724305000947705,8.062171198741302,7.232142570327613,False
B5,58,escala,12,1000,0.5559098792490074,0.06895485999046522,0.0810089124264411,8.061939061668404,6.86232986714632,False
B5,59,escala,12,1000,0.6234617874802075,0.05792751404756998,0.07032819652154272,10.76279204676765,8.865033063790149,False
B6,0,cat,3,1000,0.5281177750214278,0.047731134262493535,0.054178177732010196,11.064429605152196,9.7477950925876,False
B6,1,cat,3,1000,0.2548299650647013,0.0479845117115237,0.05262044748703888,5.310671214009722,4.84279357615629,False
B6,2,cat,3,1000,0.4574388802843599,0.044531285324403654,0.05384290343934275,10.272303549111307,8.495806337778426,False
B6,3,cat,3,1000,0.473566596725778,0.04721189751722959,0.054603865181482907,10.030662219262714,8.672766939699581,False
B6,4,cat,3,1000,0.3679028906861187,0.04588842483010745,0.05264150146232587,8.017335353048274,6.988837333019786,False
B6,5,cat,3,1000,0.31463788632524614,0.046679177041231264,0.051081332550886115,6.740433449529959,6.159547345633764,False
B6,6,cat,3,1000,0.3182809456355188,0.04313072757074268,0.047531842647956825,7.379447636571325,6.696162570276459,False
B6,7,cat,3,1000,0.513867219610217,0.04696493178941553,0.05438393911038119,10.941508909548274,9.448878253692484,False
B6,8,cat,3,1000,0.07806497800456158,0.04568049685600001,0.05188210385223085,1.7089345208010354,1.5046609949917231,False
B6,9,cat,3,1000,0.07446013547615205,0.049372152725669645,0.053023196697837296,1.5081403456292604,1.404293594376763,False
B6,10,cat,3,1000,0.6168546716228693,0.045940244498521396,0.05277397144747452,13.427326701378854,11.688615707779725,False
B6,11,cat,3,837,0.051603719787626415,0.048322627308323235,0.054252966631697715,1.0678997120410718,0.9511686271083385,False
B6,12,cat,3,1000,0.6289222062805933,0.04545060060764192,0.050211215754516696,13.837489447275825,12.5255323303742,False
B6,13,cat,3,1000,0.605965379696253,0.046244471318062544,0.053418982576759,13.103520538239348,11.343633863215702,False
B6,14,cat,5,1000,0.2903837296027419,0.05022709527556434,0.05839702334210135,5.781415947101655,4.972577590155861,False
B6,15,cat,5,1000,0.28175285928997773,0.05006425220146623,0.05657341877982734,5.627825182650507,4.980304626568612,False
B6,16,cat,5,1000,0.3560663538494769,0.05118181547965095,0.058579961272121145,6.956891827939223,6.07829616334917,False
B6,17,cat,5,1000,0.7150671557021738,0.05762831142721356,0.060713183722935625,12.408261460260327,11.777790454300337,False
B6,18,cat,5,1000,0.5567158336873208,0.061713348072859935,0.06608448689402137,9.020995474594113,8.424304399610714,False
B6,19,cat,5,1000,0.7381126383064512,0.05489898498464027,0.06130008382793681,13.444923226048015,12.040972739584818,False
B6,20,cat,5,1000,0.7368081797042546,0.054339419525393125,0.06024296301896149,13.559367879517739,12.230609896667001,False
B6,21,multi,6,1000,0.3875057120317093,0.03841691857472468,0.04097591203495866,10.086850440072975,9.456914874795423,False
B6,22,multi,7,1000,0.19643600494074898,0.03417934100434157,0.035278432652130924,5.747214521069819,5.5681613431566,False
B6,23,multi,9,1000,0.2835439739615827,0.035772954820831114,0.037732830839780095,7.926210607474642,7.514516341632511,False
B7,0,cat,8,1000,0.5346812268680718,0.058107212267570395,0.07474874457230865,9.201632740631014,7.1530462474971035,True
B7,1,cat,6,1000,7.112366251504909e-17,0.0207256211952993,0.06689536321005808,3.4316782037481406e-15,1.063207658978003e-15,True
B7,2,cat,3,1000,2.0816681711721685e-16,0.012038915780679837,0.03829214643221958,1.7291159844417625e-14,5.4362796686179545e-15,True
B7,3,multi,8,1000,0.12452709953017375,0.025189932239511326,0.027676903765469524,4.943526578243369,4.499314684380889,False
B7,4,cat,3,1000,0.15953424001161706,0.010786894507610644,0.05492946575418054,14.789635691631025,2.904347199107345,True
B7,5,cat,3,1000,0.27902605673133923,0.011035415231310408,0.05563258359823631,25.284599707645626,5.015514985721157,True
B7,6,cat,3,1000,0.06701893308965644,0.010838609168318867,0.05445022587480948,6.183351761179103,1.2308292943310208,True
B7,7,cat,13,1000,1.1535911115245767e-16,0.0396903377835621,0.08726246523166711,2.9064784427265334e-15,1.3219785946477526e-15,True
B7,8,cat,12,998,0.3351244046003664,0.05742177315766419,0.08663751754488959,5.836190458281533,3.868121041519086,False
